"id","content_type_id","codename","name"
"1","1","add_logentry","Can add log entry"
"2","1","change_logentry","Can change log entry"
"3","1","delete_logentry","Can delete log entry"
"4","1","view_logentry","Can view log entry"
"5","2","add_permission","Can add permission"
"6","2","change_permission","Can change permission"
"7","2","delete_permission","Can delete permission"
"8","2","view_permission","Can view permission"
"9","3","add_group","Can add group"
"10","3","change_group","Can change group"
"11","3","delete_group","Can delete group"
"12","3","view_group","Can view group"
"13","4","add_user","Can add user"
"14","4","change_user","Can change user"
"15","4","delete_user","Can delete user"
"16","4","view_user","Can view user"
"17","5","add_contenttype","Can add content type"
"18","5","change_contenttype","Can change content type"
"19","5","delete_contenttype","Can delete content type"
"20","5","view_contenttype","Can view content type"
"21","6","add_session","Can add session"
"22","6","change_session","Can change session"
"23","6","delete_session","Can delete session"
"24","6","view_session","Can view session"
"25","7","add_country","Can add country"
"26","7","change_country","Can change country"
"27","7","delete_country","Can delete country"
"28","7","view_country","Can view country"
"29","8","add_covid19data","Can add covid19 data"
"30","8","change_covid19data","Can change covid19 data"
"31","8","delete_covid19data","Can delete covid19 data"
"32","8","view_covid19data","Can view covid19 data"
"33","9","add_totalrecovereddata","Can add total recovered data"
"34","9","change_totalrecovereddata","Can change total recovered data"
"35","9","delete_totalrecovereddata","Can delete total recovered data"
"36","9","view_totalrecovereddata","Can view total recovered data"
"37","10","add_totaldeathsdata","Can add total deaths data"
"38","10","change_totaldeathsdata","Can change total deaths data"
"39","10","delete_totaldeathsdata","Can delete total deaths data"
"40","10","view_totaldeathsdata","Can view total deaths data"
"41","11","add_totalcasesdata","Can add total cases data"
"42","11","change_totalcasesdata","Can change total cases data"
"43","11","delete_totalcasesdata","Can delete total cases data"
"44","11","view_totalcasesdata","Can view total cases data"
"45","12","add_totalcriticaldata","Can add total critical data"
"46","12","change_totalcriticaldata","Can change total critical data"
"47","12","delete_totalcriticaldata","Can delete total critical data"
"48","12","view_totalcriticaldata","Can view total critical data"
"49","13","add_estimatedtotalcasesdata","Can add estimated total cases data"
"50","13","change_estimatedtotalcasesdata","Can change estimated total cases data"
"51","13","delete_estimatedtotalcasesdata","Can delete estimated total cases data"
"52","13","view_estimatedtotalcasesdata","Can view estimated total cases data"
