"id","app","name","applied"
"1","contenttypes","0001_initial","2020-03-22"
"2","auth","0001_initial","2020-03-22"
"3","admin","0001_initial","2020-03-22"
"4","admin","0002_logentry_remove_auto_add","2020-03-22"
"5","admin","0003_logentry_add_action_flag_choices","2020-03-22"
"6","contenttypes","0002_remove_content_type_name","2020-03-22"
"7","auth","0002_alter_permission_name_max_length","2020-03-22"
"8","auth","0003_alter_user_email_max_length","2020-03-22"
"9","auth","0004_alter_user_username_opts","2020-03-22"
"10","auth","0005_alter_user_last_login_null","2020-03-22"
"11","auth","0006_require_contenttypes_0002","2020-03-22"
"12","auth","0007_alter_validators_add_error_messages","2020-03-22"
"13","auth","0008_alter_user_username_max_length","2020-03-22"
"14","auth","0009_alter_user_last_name_max_length","2020-03-22"
"15","auth","0010_alter_group_name_max_length","2020-03-22"
"16","auth","0011_update_proxy_permissions","2020-03-22"
"18","sessions","0001_initial","2020-03-22"
"26","main_app","0001_initial","2020-03-22"
"27","main_app","0002_auto_20200324_1944","2020-03-24"
"29","main_app","0003_estimatedtotalcasesdata","2020-03-25"
"30","main_app","0004_auto_20200326_1235","2020-03-26"
