"id","country_name","code","continent_id"
"339","BANGLADESH","BD","3"
"341","CHINA","CN","3"
"342","ITALY","IT","1"
"343","USA","US","2"
"344","SPAIN","ES","1"
"345","GERMANY","DE","1"
"347","FRANCE","FR","1"
"351","CANADA","CA","2"
"353","MALAYSIA","MY","3"
"356","AUSTRALIA","AU","3"
"357","BELGIUM","BE","1"
"358","INDIA","IN","3"
"359","IRAN","IR","3"
"360","S. KOREA","KR","3"
"361","TURKEY","TR","1"
"362","SWITZERLAND","CH","1"
"363","BRAZIL","BR","2"
"364","RUSSIA","RU","1"
"365","NETHERLANDS","NL","1"
"366","PORTUGAL","PT","1"
"367","JAPAN","JP","3"
"368","PAKISTAN","PK","3"
